1,Bedford Borough Council,Bedford,Bedford Borough Council,East of England
1,Bedford Borough Council,Bedford Borough Council,Bedford Borough Council,East of England
1,Bedford Borough Council,Bedford Council,Bedford Borough Council,East of England
1,Bedford Borough Council,Bedford UA,Bedford Borough Council,East of England
1,Bedford Borough Council,Bedford Unitary Authority,Bedford Borough Council,East of England
1,Bedford Borough Council,Bedford UA,Bedford Borough Council,East of England
2,Blackburn with Darwen Borough Council,Blackburn with Darwen,Blackburn with Darwen Borough Council,North West
2,Blackburn with Darwen Borough Council,Blackburn with Darwen Borough Council,Blackburn with Darwen Borough Council,North West
2,Blackburn with Darwen Borough Council,Blackburn with Darwen Unitary Authority,Blackburn with Darwen Borough Council,North West
2,Blackburn with Darwen Borough Council,Blackburn with Darwen UA,Blackburn with Darwen Borough Council,North West
3,Blackpool Council,Blackpool,Blackpool Council,North West
3,Blackpool Council,Blackpool Borough Council,Blackpool Council,North West
3,Blackpool Council,Blackpool Council,Blackpool Council,North West
3,Blackpool Council,Blackpool UA,Blackpool Council,North West
4,"Bournemouth, Christchurch and Poole Council",BCP Council,"Bournemouth, Christchurch and Poole Council",South West
4,"Bournemouth, Christchurch and Poole Council","Bournemouth, Christchurch & Poole","Bournemouth, Christchurch and Poole Council",South West
4,"Bournemouth, Christchurch and Poole Council","Bournemouth, Christchurch & Poole Unitary Authority","Bournemouth, Christchurch and Poole Council",South West
4,"Bournemouth, Christchurch and Poole Council","Bournemouth, Christchurch and Poole","Bournemouth, Christchurch and Poole Council",South West
4,"Bournemouth, Christchurch and Poole Council","Bournemouth, Christchurch and Poole Council","Bournemouth, Christchurch and Poole Council",South West
4,"Bournemouth, Christchurch and Poole Council",Bournemouth Christchurch and Poole Council,"Bournemouth, Christchurch and Poole Council",South West
4,"Bournemouth, Christchurch and Poole Council","Bournemouth, Christchurch and Poole UA","Bournemouth, Christchurch and Poole Council",South West
5,Bracknell Forest Council,Bracknell Forest,Bracknell Forest Council,South East
5,Bracknell Forest Council,Bracknell Forest Borough Council,Bracknell Forest Council,South East
5,Bracknell Forest Council,Bracknell Forest Council,Bracknell Forest Council,South East
5,Bracknell Forest Council,Bracknell Forest Unitary Authority,Bracknell Forest Council,South East
5,Bracknell Forest Council,Bracknell Forest UA,Bracknell Forest Council,South East
6,Brighton & Hove City Council,Brighton & Hove City Council,Brighton & Hove City Council,South East
6,Brighton & Hove City Council,Brighton and Hove City Council,Brighton & Hove City Council,South East
6,Brighton & Hove City Council,Brighton & Hove Unitary Authority,Brighton & Hove City Council,South East
6,Brighton & Hove City Council,Brighton and Hove,Brighton & Hove City Council,South East
6,Brighton & Hove City Council,Brighton and Hove Council,Brighton & Hove City Council,South East
6,Brighton & Hove City Council,Brighton and Hove UA,Brighton & Hove City Council,South East
7,Buckinghamshire Council,Buckinghamshire,Buckinghamshire Council,South East
7,Buckinghamshire Council,Buckinghamshire Council,Buckinghamshire Council,South East
7,Buckinghamshire Council,Buckinghamshire Unitary Authority,Buckinghamshire Council,South East
8,Cambridgeshire and Peterborough Combined Authority,Cambridgeshire & Peterborough Combined Authority,Cambridgeshire and Peterborough Combined Authority,East of England
8,Cambridgeshire and Peterborough Combined Authority,Cambridgeshire and Peterborough CA,Cambridgeshire and Peterborough Combined Authority,East of England
8,Cambridgeshire and Peterborough Combined Authority,Cambridgeshire and Peterborough Combined Authority,Cambridgeshire and Peterborough Combined Authority,East of England
9,Central Bedfordshire Council,Central Bedfordshire,Central Bedfordshire Council,East of England
9,Central Bedfordshire Council,Central Bedfordshire Council,Central Bedfordshire Council,East of England
9,Central Bedfordshire Council,Central Bedfordshire UA,Central Bedfordshire Council,East of England
9,Central Bedfordshire Council,Central Bedfordshire Unitary Authority,Central Bedfordshire Council,East of England
9,Central Bedfordshire Council,Central Bedfordshire UA,Central Bedfordshire Council,East of England
10,Cheshire East Council,Cheshire East,Cheshire East Council,North West
10,Cheshire East Council,Cheshire East Council,Cheshire East Council,North West
10,Cheshire East Council,Cheshire East UA,Cheshire East Council,North West
10,Cheshire East Council,Cheshire East Unitary Authority,Cheshire East Council,North West
10,Cheshire East Council,Cheshire East UA,Cheshire East Council,North West
11,Cheshire West and Chester Council,Cheshire West & Chester Unitary Authority,Cheshire West and Chester Council,North West
11,Cheshire West and Chester Council,Cheshire West and Chester,Cheshire West and Chester Council,North West
11,Cheshire West and Chester Council,Cheshire West and Chester Council,Cheshire West and Chester Council,North West
11,Cheshire West and Chester Council,Cheshire West and Chester UA,Cheshire West and Chester Council,North West
11,Cheshire West and Chester Council,Cheshire West and Chester UA,Cheshire West and Chester Council,North West
12,Cornwall Council,Cornwall,Cornwall Council,South West
12,Cornwall Council,Cornwall Council,Cornwall Council,South West
12,Cornwall Council,Cornwall County UA,Cornwall Council,South West
12,Cornwall Council,Cornwall Unitary Authority,Cornwall Council,South West
12,Cornwall Council,Cornwall UA,Cornwall Council,South West
14,Derby City Council,Derby,East Midlands Combined County Authority,East Midlands
14,Derby City Council,Derby City Council,East Midlands Combined County Authority,East Midlands
14,Derby City Council,Derby Unitary Authority,East Midlands Combined County Authority,East Midlands
14,Derby City Council,Derby UA,East Midlands Combined County Authority,East Midlands
15,Derbyshire County Council,Derbyshire,East Midlands Combined County Authority,East Midlands
15,Derbyshire County Council,Derbyshire County Council,East Midlands Combined County Authority,East Midlands
16,Devon County Council,Devon,Devon County Council,South West
16,Devon County Council,Devon County Council,Devon County Council,South West
17,Dorset Council,Dorset,Dorset Council,South West
17,Dorset Council,Dorset Council,Dorset Council,South West
17,Dorset Council,Dorset Unitary Authority,Dorset Council,South West
18,East Riding of Yorkshire Council,East Riding of Yorkshire,East Riding of Yorkshire Council,Yorkshire and the Humber
18,East Riding of Yorkshire Council,East Riding of Yorkshire Council,East Riding of Yorkshire Council,Yorkshire and the Humber
18,East Riding of Yorkshire Council,East Riding of Yorkshire Unitary Authority,East Riding of Yorkshire Council,Yorkshire and the Humber
18,East Riding of Yorkshire Council,East Riding of Yorkshire UA,East Riding of Yorkshire Council,Yorkshire and the Humber
19,East Sussex County Council,East Sussex,East Sussex County Council,South East
19,East Sussex County Council,East Sussex County Council,East Sussex County Council,South East
20,Essex County Council,Essex,Essex County Council,East of England
20,Essex County Council,Essex County Council,Essex County Council,East of England
21,Gloucestershire County Council,Gloucestershire,Gloucestershire County Council,South West
21,Gloucestershire County Council,Gloucestershire County Council,Gloucestershire County Council,South West
22,Greater Manchester Combined Authority,Greater Manchester CA,Greater Manchester Combined Authority,North West
22,Greater Manchester Combined Authority,Greater Manchester Combined Authority,Greater Manchester Combined Authority,North West
22,Greater Manchester Combined Authority,Greater Manchester Combined Authority 1,Greater Manchester Combined Authority,North West
22,Greater Manchester Combined Authority,Greater Manchester Combined Authority 2,Greater Manchester Combined Authority,North West
22,Greater Manchester Combined Authority,Transport for Greater Manchester,Greater Manchester Combined Authority,North West
23,Hampshire County Council,Hampshire,Hampshire County Council,South East
23,Hampshire County Council,Hampshire County Council,Hampshire County Council,South East
23,Hampshire County Council,Hampshire County Council (HCC),Hampshire County Council,South East
24,Herefordshire Council,Herefordshire,Herefordshire Council,West Midlands
24,Herefordshire Council,Herefordshire Council,Herefordshire Council,West Midlands
24,Herefordshire Council,Herefordshire Unitary Authority,Herefordshire Council,West Midlands
24,Herefordshire Council,"Herefordshire, County of UA",Herefordshire Council,West Midlands
25,Hertfordshire County Council,Hertfordshire,Hertfordshire County Council,East of England
25,Hertfordshire County Council,Hertfordshire County Council,Hertfordshire County Council,East of England
26,Isle of Wight Council,Isle of Wight,Isle of Wight Council,South East
26,Isle of Wight Council,Isle of Wight Council,Isle of Wight Council,South East
26,Isle of Wight Council,Isle of Wight Unitary Authority,Isle of Wight Council,South East
26,Isle of Wight Council,Isle of Wight UA,Isle of Wight Council,South East
27,Kent County Council,Kent,Kent County Council,South East
27,Kent County Council,Kent - Kent County Council,Kent County Council,South East
27,Kent County Council,Kent County Council,Kent County Council,South East
28,Hull City Council,Hull City Council,Hull City Council,Yorkshire and the Humber
28,Hull City Council,Kingston upon Hull,Hull City Council,Yorkshire and the Humber
28,Hull City Council,Kingston upon Hull City Council,Hull City Council,Yorkshire and the Humber
28,Hull City Council,Kingston upon Hull Unitary Authority,Hull City Council,Yorkshire and the Humber
28,Hull City Council,"Kingston upon Hull, City of",Hull City Council,Yorkshire and the Humber
28,Hull City Council,"Kingston upon Hull, City of UA",Hull City Council,Yorkshire and the Humber
29,Lancashire County Council,Lancashire,Lancashire County Council,North West
29,Lancashire County Council,Lancashire County Council,Lancashire County Council,North West
30,Leicester City Council,Leicester,Leicester City Council,East Midlands
30,Leicester City Council,Leicester City Council,Leicester City Council,East Midlands
30,Leicester City Council,Leicester Unitary Authority,Leicester City Council,East Midlands
30,Leicester City Council,Leicester UA,Leicester City Council,East Midlands
31,Leicestershire County Council,Leicestershire,Leicestershire County Council,East Midlands
31,Leicestershire County Council,Leicestershire County Council,Leicestershire County Council,East Midlands
32,Lincolnshire County Council,Lincolnshire,Lincolnshire County Council,East Midlands
32,Lincolnshire County Council,Lincolnshire County Council,Lincolnshire County Council,East Midlands
33,Liverpool City Region Combined Authority,Liverpool City Region CA,Liverpool City Region Combined Authority,North West
33,Liverpool City Region Combined Authority,Liverpool City Region Combined Authority,Liverpool City Region Combined Authority,North West
33,Liverpool City Region Combined Authority,Liverpool City Region Combined Authority (LCRCA),Liverpool City Region Combined Authority,North West
34,Luton Borough Council,Luton,Luton Borough Council,East of England
34,Luton Borough Council,Luton Borough Council,Luton Borough Council,East of England
34,Luton Borough Council,Luton Council,Luton Borough Council,East of England
34,Luton Borough Council,Luton Unitary Authority,Luton Borough Council,East of England
34,Luton Borough Council,Luton UA,Luton Borough Council,East of England
35,Medway Council,Medway,Medway Council,South East
35,Medway Council,Medway Borough Council,Medway Council,South East
35,Medway Council,Medway Council,Medway Council,South East
35,Medway Council,Medway Unitary Authority,Medway Council,South East
35,Medway Council,Medway UA,Medway Council,South East
36,Milton Keynes City Council,Milton Keynes,Milton Keynes City Council,South East
36,Milton Keynes City Council,Milton Keynes City Council,Milton Keynes City Council,South East
36,Milton Keynes City Council,Milton Keynes Council,Milton Keynes City Council,South East
36,Milton Keynes City Council,Milton Keynes Unitary Authority,Milton Keynes City Council,South East
36,Milton Keynes City Council,Milton Keynes UA,Milton Keynes City Council,South East
37,Norfolk County Council,Norfolk,Norfolk County Council,East of England
37,Norfolk County Council,Norfolk County Council,Norfolk County Council,East of England
38,North East Combined Authority,Gateshead Council & Newcastle City Council,North East Combined Authority,North East
38,North East Combined Authority,North East CA,North East Combined Authority,North East
38,North East Combined Authority,North East Combined Authority,North East Combined Authority,North East
38,North East Combined Authority,North East Joint Transport Committee,North East Combined Authority,North East
38,North East Combined Authority,North East Joint Transport Committee 1,North East Combined Authority,North East
38,North East Combined Authority,North East Joint Transport Committee 2,North East Combined Authority,North East
39,North East Lincolnshire Council,North East Lincolnshire,North East Lincolnshire Council,Yorkshire and the Humber
39,North East Lincolnshire Council,North East Lincolnshire Council,North East Lincolnshire Council,Yorkshire and the Humber
39,North East Lincolnshire Council,North East Lincolnshire Unitary Authority,North East Lincolnshire Council,Yorkshire and the Humber
39,North East Lincolnshire Council,North East Lincolnshire UA,North East Lincolnshire Council,Yorkshire and the Humber
40,North Lincolnshire Council,North Lincolnshire,North Lincolnshire Council,Yorkshire and the Humber
40,North Lincolnshire Council,North Lincolnshire Council,North Lincolnshire Council,Yorkshire and the Humber
40,North Lincolnshire Council,North Lincolnshire UA,North Lincolnshire Council,Yorkshire and the Humber
41,North Northamptonshire Council,North Northamptonshire,North Northamptonshire Council,East Midlands
41,North Northamptonshire Council,North Northamptonshire Council,North Northamptonshire Council,East Midlands
42,North Somerset Council,North Somerset,North Somerset Council,South West
42,North Somerset Council,North Somerset Council,North Somerset Council,South West
42,North Somerset Council,North Somerset Unitary Authority,North Somerset Council,South West
42,North Somerset Council,North Somerset UA,North Somerset Council,South West
43,North Yorkshire Council,Craven District Council,North Yorkshire Council,Yorkshire and the Humber
43,North Yorkshire Council,Hambleton District Council,North Yorkshire Council,Yorkshire and the Humber
43,North Yorkshire Council,Harrogate Borough Council,North Yorkshire Council,Yorkshire and the Humber
43,North Yorkshire Council,North Yorkshire,North Yorkshire Council,Yorkshire and the Humber
43,North Yorkshire Council,North Yorkshire Borough Council,North Yorkshire Council,Yorkshire and the Humber
43,North Yorkshire Council,North Yorkshire Council,North Yorkshire Council,Yorkshire and the Humber
43,North Yorkshire Council,North Yorkshire County Council,North Yorkshire Council,Yorkshire and the Humber
43,North Yorkshire Council,Richmondshire District Council,North Yorkshire Council,Yorkshire and the Humber
43,North Yorkshire Council,Ryedale District Council,North Yorkshire Council,Yorkshire and the Humber
43,North Yorkshire Council,Scarborough Borough Council,North Yorkshire Council,Yorkshire and the Humber
43,North Yorkshire Council,Selby Town Council,North Yorkshire Council,Yorkshire and the Humber
44,Nottingham City Council,Nottingham,East Midlands Combined County Authority,East Midlands
44,Nottingham City Council,Nottingham City Council,East Midlands Combined County Authority,East Midlands
44,Nottingham City Council,Nottingham Unitary Authority,East Midlands Combined County Authority,East Midlands
44,Nottingham City Council,Nottingham UA,East Midlands Combined County Authority,East Midlands
45,Nottinghamshire County Council,Nottinghamshire,East Midlands Combined County Authority,East Midlands
45,Nottinghamshire County Council,Nottinghamshire County Council,East Midlands Combined County Authority,East Midlands
46,Oxfordshire County Council,Oxfordshire,Oxfordshire County Council,South East
46,Oxfordshire County Council,Oxfordshire County Council,Oxfordshire County Council,South East
46,Oxfordshire County Council,Oxfordshire County Council 1,Oxfordshire County Council,South East
46,Oxfordshire County Council,Oxfordshire County Council 2,Oxfordshire County Council,South East
47,Plymouth City Council,Plymouth,Plymouth City Council,South West
47,Plymouth City Council,Plymouth City Council,Plymouth City Council,South West
47,Plymouth City Council,Plymouth Unitary Authority,Plymouth City Council,South West
47,Plymouth City Council,Plymouth UA,Plymouth City Council,South West
48,Portsmouth City Council,Portsmouth,Portsmouth City Council,South East
48,Portsmouth City Council,Portsmouth City Council,Portsmouth City Council,South East
48,Portsmouth City Council,Portsmouth Unitary Authority,Portsmouth City Council,South East
48,Portsmouth City Council,Portsmouth UA,Portsmouth City Council,South East
49,Reading Borough Council,Reading,Reading Borough Council,South East
49,Reading Borough Council,Reading Borough Council,Reading Borough Council,South East
49,Reading Borough Council,Reading Unitary Authority,Reading Borough Council,South East
49,Reading Borough Council,Reading UA,Reading Borough Council,South East
50,Rutland County Council,Rutland,Rutland County Council,East Midlands
50,Rutland County Council,Rutland County Council,Rutland County Council,East Midlands
50,Rutland County Council,Rutland County District Council,Rutland County Council,East Midlands
50,Rutland County Council,Rutland UA,Rutland County Council,East Midlands
51,Shropshire Council,Shropshire,Shropshire Council,West Midlands
51,Shropshire Council,Shropshire Council,Shropshire Council,West Midlands
51,Shropshire Council,Shropshire County UA,Shropshire Council,West Midlands
51,Shropshire Council,Shropshire Unitary Authority,Shropshire Council,West Midlands
51,Shropshire Council,Shropshire UA,Shropshire Council,West Midlands
52,Slough Borough Council,Slough,Slough Borough Council,South East
52,Slough Borough Council,Slough Borough Council,Slough Borough Council,South East
52,Slough Borough Council,Slough Unitary Authority,Slough Borough Council,South East
52,Slough Borough Council,Slough UA,Slough Borough Council,South East
53,Somerset Council,Mendip District Council,Somerset Council,South West
53,Somerset Council,Sedgemoor District Council,Somerset Council,South West
53,Somerset Council,Somerset,Somerset Council,South West
53,Somerset Council,Somerset Council,Somerset Council,South West
53,Somerset Council,Somerset County Council,Somerset Council,South West
53,Somerset Council,Somerset West & Taunton Council,Somerset Council,South West
54,Southampton City Council,Southampton,Southampton City Council,South East
54,Southampton City Council,Southampton City Council,Southampton City Council,South East
54,Southampton City Council,Southampton Unitary Authority,Southampton City Council,South East
54,Southampton City Council,Southampton UA,Southampton City Council,South East
55,Southend-on-Sea City Council,Southend on Sea Borough Council,Southend-on-Sea City Council,East of England
55,Southend-on-Sea City Council,Southend-on-Sea,Southend-on-Sea City Council,East of England
55,Southend-on-Sea City Council,Southend-on-Sea Borough Council,Southend-on-Sea City Council,East of England
55,Southend-on-Sea City Council,Southend-on-Sea City Council,Southend-on-Sea City Council,East of England
55,Southend-on-Sea City Council,Southend-on-Sea UA,Southend-on-Sea City Council,East of England
56,Staffordshire County Council,Staffordshire,Staffordshire County Council,West Midlands
56,Staffordshire County Council,Staffordshire County Council,Staffordshire County Council,West Midlands
57,Stoke-on-Trent City Council,Stoke-on-Trent,Stoke-on-Trent City Council,West Midlands
57,Stoke-on-Trent City Council,Stoke-on-Trent City Council,Stoke-on-Trent City Council,West Midlands
57,Stoke-on-Trent City Council,Stoke-on-Trent Unitary Authority,Stoke-on-Trent City Council,West Midlands
57,Stoke-on-Trent City Council,Stoke-on-Trent UA,Stoke-on-Trent City Council,West Midlands
58,Suffolk County Council,Suffolk,Suffolk County Council,East of England
58,Suffolk County Council,Suffolk County Council,Suffolk County Council,East of England
59,Surrey County Council,Surrey,Surrey County Council,South East
59,Surrey County Council,Surrey County Council,Surrey County Council,South East
59,Surrey County Council,Surrey County Council and the Environment Agency,Surrey County Council,South East
60,Swindon Borough Council,Swindon,Swindon Borough Council,South West
60,Swindon Borough Council,Swindon Borough Council,Swindon Borough Council,South West
60,Swindon Borough Council,Swindon Unitary Authority,Swindon Borough Council,South West
60,Swindon Borough Council,Swindon UA,Swindon Borough Council,South West
61,Tees Valley Combined Authority,Tees Valley CA,Tees Valley Combined Authority,North East
61,Tees Valley Combined Authority,Tees Valley Combined Authority,Tees Valley Combined Authority,North East
62,Telford & Wrekin Council,Telford & Wrekin Council,Telford & Wrekin Council,West Midlands
62,Telford & Wrekin Council,Telford and Wrekin,Telford & Wrekin Council,West Midlands
62,Telford & Wrekin Council,Telford and Wrekin Council,Telford & Wrekin Council,West Midlands
62,Telford & Wrekin Council,Telford and Wrekin Borough Council,Telford & Wrekin Council,West Midlands
62,Telford & Wrekin Council,Telford and Wrekin Unitary Authority,Telford & Wrekin Council,West Midlands
62,Telford & Wrekin Council,Telford and Wrekin UA,Telford & Wrekin Council,West Midlands
63,Thurrock Council,Thurrock,Thurrock Council,East of England
63,Thurrock Council,Thurrock Council,Thurrock Council,East of England
63,Thurrock Council,Thurrock Unitary Authority,Thurrock Council,East of England
63,Thurrock Council,Thurrock UA,Thurrock Council,East of England
64,Torbay Council,Torbay,Torbay Council,South West
64,Torbay Council,Torbay Borough Council,Torbay Council,South West
64,Torbay Council,Torbay Council,Torbay Council,South West
64,Torbay Council,Torbay Unitary Authority,Torbay Council,South West
64,Torbay Council,Torbay UA,Torbay Council,South West
65,Warrington Borough Council,Warrington,Warrington Borough Council,North West
65,Warrington Borough Council,Warrington Borough Council,Warrington Borough Council,North West
65,Warrington Borough Council,Warrington Unitary Authority,Warrington Borough Council,North West
65,Warrington Borough Council,Warrington UA,Warrington Borough Council,North West
66,Warwickshire County Council,Warwickshire,Warwickshire County Council,West Midlands
66,Warwickshire County Council,Warwickshire County Council,Warwickshire County Council,West Midlands
67,West Berkshire Council,West Berkshire,West Berkshire Council,South East
67,West Berkshire Council,West Berkshire Council,West Berkshire Council,South East
67,West Berkshire Council,West Berkshire District Council,West Berkshire Council,South East
67,West Berkshire Council,West Berkshire Unitary Authority,West Berkshire Council,South East
67,West Berkshire Council,West Berkshire UA,West Berkshire Council,South East
68,West Midlands Combined Authority,West Midlands CA,West Midlands Combined Authority,West Midlands
68,West Midlands Combined Authority,West Midlands Combined Authority,West Midlands Combined Authority,West Midlands
68,West Midlands Combined Authority,West Midlands Combined Authority (Transport for West Midlands),West Midlands Combined Authority,West Midlands
68,West Midlands Combined Authority,West Midlands ITA,West Midlands Combined Authority,West Midlands
69,West Northamptonshire Council,West Northamptonshire,West Northamptonshire Council,East Midlands
69,West Northamptonshire Council,West Northamptonshire Council,West Northamptonshire Council,East Midlands
69,West Northamptonshire Council,West Northamptonshire Unitary Authority,West Northamptonshire Council,East Midlands
70,West Sussex County Council,West Sussex,West Sussex County Council,South East
70,West Sussex County Council,West Sussex Borough Council,West Sussex County Council,South East
70,West Sussex County Council,West Sussex County Council,West Sussex County Council,South East
71,West Yorkshire Combined Authority,West Yorkshire CA,West Yorkshire Combined Authority,Yorkshire and the Humber
71,West Yorkshire Combined Authority,West Yorkshire Combined Authority,West Yorkshire Combined Authority,Yorkshire and the Humber
71,West Yorkshire Combined Authority,West Yorkshire Combined Authority - City of Wakefield Metropolitan District Council,West Yorkshire Combined Authority,Yorkshire and the Humber
72,West of England Combined Authority,West of England CA,West of England Combined Authority,South West
72,West of England Combined Authority,West Of England Combined Authority,West of England Combined Authority,South West
72,West of England Combined Authority,West of England Combined Authority,West of England Combined Authority,South West
73,Wiltshire Council,Wiltshire,Wiltshire Council,South West
73,Wiltshire Council,Wiltshire Council,Wiltshire Council,South West
73,Wiltshire Council,Wiltshire County UA,Wiltshire Council,South West
73,Wiltshire Council,Wiltshire Unitary Authority,Wiltshire Council,South West
73,Wiltshire Council,Wiltshire UA,Wiltshire Council,South West
74,Royal Borough of Windsor and Maidenhead,Royal Borough of Windsor and Maidenhead,Royal Borough of Windsor and Maidenhead,South East
74,Royal Borough of Windsor and Maidenhead,Windsor and Maidenhead,Royal Borough of Windsor and Maidenhead,South East
74,Royal Borough of Windsor and Maidenhead,Windsor and Maidenhead Borough Council,Royal Borough of Windsor and Maidenhead,South East
74,Royal Borough of Windsor and Maidenhead,Windsor and Maidenhead Royal Borough Council,Royal Borough of Windsor and Maidenhead,South East
74,Royal Borough of Windsor and Maidenhead,Windsor and Maidenhead Unitary Authority,Royal Borough of Windsor and Maidenhead,South East
74,Royal Borough of Windsor and Maidenhead,Windsor and Maidenhead UA,Royal Borough of Windsor and Maidenhead,South East
75,Wokingham Borough Council,Wokingham,Wokingham Borough Council,South East
75,Wokingham Borough Council,Wokingham Borough Council,Wokingham Borough Council,South East
75,Wokingham Borough Council,Wokingham District Council,Wokingham Borough Council,South East
75,Wokingham Borough Council,Wokingham Unitary Authority,Wokingham Borough Council,South East
75,Wokingham Borough Council,Wokingham UA,Wokingham Borough Council,South East
76,Worcestershire County Council,Worcestershire,Worcestershire County Council,West Midlands
76,Worcestershire County Council,Worcestershire County Council,Worcestershire County Council,West Midlands
77,City of York Council,City of York Council,City of York Council,Yorkshire and the Humber
77,City of York Council,York,City of York Council,Yorkshire and the Humber
77,City of York Council,York Unitary Authority,City of York Council,Yorkshire and the Humber
77,City of York Council,York UA,City of York Council,Yorkshire and the Humber
78,Cumberland Council,Allerdale Borough Council,Cumberland Council,North West
78,Cumberland Council,Carlisle City Council,Cumberland Council,North West
78,Cumberland Council,Copeland Borough Council,Cumberland Council,North West
78,Cumberland Council,Cumberland,Cumberland Council,North West
78,Cumberland Council,Cumberland Council,Cumberland Council,North West
79,Westmorland and Furness Council,Barrow-In-Furness Borough Council,Westmorland and Furness Council,North West
79,Westmorland and Furness Council,Eden District Council,Westmorland and Furness Council,North West
79,Westmorland and Furness Council,Westmorland,Westmorland and Furness Council,North West
79,Westmorland and Furness Council,Westmorland and Furness,Westmorland and Furness Council,North West
79,Westmorland and Furness Council,Westmorland and Furness Council,Westmorland and Furness Council,North West
80,Peterborough City Council,Peterborough,Cambridgeshire and Peterborough Combined Authority,East of England
80,Peterborough City Council,Peterborough City Council,Cambridgeshire and Peterborough Combined Authority,East of England
81,Huntingdonshire District Council,Huntingdonshire,Cambridgeshire and Peterborough Combined Authority,East of England
81,Huntingdonshire District Council,Huntingdonshire District Council,Cambridgeshire and Peterborough Combined Authority,East of England
82,Fenland District Council,Fenland,Cambridgeshire and Peterborough Combined Authority,East of England
82,Fenland District Council,Fenland District Council,Cambridgeshire and Peterborough Combined Authority,East of England
83,South Cambridgeshire District Council,South Cambridgeshire,Cambridgeshire and Peterborough Combined Authority,East of England
83,South Cambridgeshire District Council,South Cambridgeshire District Council,Cambridgeshire and Peterborough Combined Authority,East of England
84,Cambridge City Council,Cambridge,Cambridgeshire and Peterborough Combined Authority,East of England
84,Cambridge City Council,Cambridge City Council,Cambridgeshire and Peterborough Combined Authority,East of England
85,East Cambridgeshire District Council,East Cambridgeshire,Cambridgeshire and Peterborough Combined Authority,East of England
85,East Cambridgeshire District Council,East Cambridgeshire District Council,Cambridgeshire and Peterborough Combined Authority,East of England
86,Bolton Metropolitan Borough Council,Bolton,Greater Manchester Combined Authority,North West
86,Bolton Metropolitan Borough Council,Bolton Metropolitan Borough Council,Greater Manchester Combined Authority,North West
86,Bolton Metropolitan Borough Council,Bolton Borough Council,Greater Manchester Combined Authority,North West
87,Bury Metropolitan Borough Council,Bury,Greater Manchester Combined Authority,North West
87,Bury Metropolitan Borough Council,Bury Metropolitan Borough Council,Greater Manchester Combined Authority,North West
87,Bury Metropolitan Borough Council,Bury Borough Council,Greater Manchester Combined Authority,North West
88,Manchester City Council,Manchester,Greater Manchester Combined Authority,North West
88,Manchester City Council,Manchester City Council,Greater Manchester Combined Authority,North West
89,Oldham Metropolitan Borough Council,Oldham,Greater Manchester Combined Authority,North West
89,Oldham Metropolitan Borough Council,Oldham Metropolitan Borough Council,Greater Manchester Combined Authority,North West
89,Oldham Metropolitan Borough Council,Oldham Borough Council,Greater Manchester Combined Authority,North West
90,Rochdale Borough Council,Rochdale,Greater Manchester Combined Authority,North West
90,Rochdale Borough Council,Rochdale Borough Council,Greater Manchester Combined Authority,North West
91,Salford City Council,Salford,Greater Manchester Combined Authority,North West
91,Salford City Council,Salford City Council,Greater Manchester Combined Authority,North West
92,Stockport Metropolitan Borough Council,Stockport,Greater Manchester Combined Authority,North West
92,Stockport Metropolitan Borough Council,Stockport Metropolitan Borough Council,Greater Manchester Combined Authority,North West
92,Stockport Metropolitan Borough Council,Stockport Borough Council,Greater Manchester Combined Authority,North West
93,Tameside Metropolitan Borough Council,Tameside,Greater Manchester Combined Authority,North West
93,Tameside Metropolitan Borough Council,Tameside Metropolitan Borough Council,Greater Manchester Combined Authority,North West
93,Tameside Metropolitan Borough Council,Tameside Borough Council,Greater Manchester Combined Authority,North West
94,The Trafford Borough Council,The Trafford Borough Council,Greater Manchester Combined Authority,North West
94,The Trafford Borough Council,Trafford Borough Council,Greater Manchester Combined Authority,North West
94,The Trafford Borough Council,Trafford,Greater Manchester Combined Authority,North West
94,The Trafford Borough Council,Trafford Council,Greater Manchester Combined Authority,North West
95,Wigan Metropolitan Borough Council,Wigan,Greater Manchester Combined Authority,North West
95,Wigan Metropolitan Borough Council,Wigan Metropolitan Borough Council,Greater Manchester Combined Authority,North West
95,Wigan Metropolitan Borough Council,Wigan Borough Council,Greater Manchester Combined Authority,North West
96,Halton Borough Council,Halton,Liverpool City Region Combined Authority,North West
96,Halton Borough Council,Halton Borough Council,Liverpool City Region Combined Authority,North West
97,Knowsley Metropolitan Borough Council,Knowsley,Liverpool City Region Combined Authority,North West
97,Knowsley Metropolitan Borough Council,Knowsley Metropolitan Borough Council,Liverpool City Region Combined Authority,North West
97,Knowsley Metropolitan Borough Council,Knowsley Borough Council,Liverpool City Region Combined Authority,North West
98,Liverpool City Council,Liverpool,Liverpool City Region Combined Authority,North West
98,Liverpool City Council,Liverpool City Council,Liverpool City Region Combined Authority,North West
99,Sefton Council,Sefton,Liverpool City Region Combined Authority,North West
99,Sefton Council,Sefton Council,Liverpool City Region Combined Authority,North West
99,Sefton Council,Sefton Borough Council,Liverpool City Region Combined Authority,North West
100,St Helens Borough Council,St Helens,Liverpool City Region Combined Authority,North West
100,St Helens Borough Council,St Helens Borough Council,Liverpool City Region Combined Authority,North West
100,St Helens Borough Council,St. Helens,Liverpool City Region Combined Authority,North West
101,Wirral Council,Wirral,Liverpool City Region Combined Authority,North West
101,Wirral Council,Wirral Council,Liverpool City Region Combined Authority,North West
101,Wirral Council,Wirral Borough Council,Liverpool City Region Combined Authority,North West
102,Newcastle City Council,Newcastle City Council,North East Combined Authority,North East
102,Newcastle City Council,Newcastle upon Tyne,North East Combined Authority,North East
102,Newcastle City Council,Newcastle Upon Tyne City Council,North East Combined Authority,North East
102,Newcastle City Council,Newcastle-upon-Tyne,North East Combined Authority,North East
103,Sunderland City Council,Sunderland,North East Combined Authority,North East
103,Sunderland City Council,Sunderland City Council,North East Combined Authority,North East
104,South Tyneside Council,South Tyneside,North East Combined Authority,North East
104,South Tyneside Council,South Tyneside Council,North East Combined Authority,North East
104,South Tyneside Council,South Tyneside Borough Council,North East Combined Authority,North East
105,North Tyneside Council,North Tyneside,North East Combined Authority,North East
105,North Tyneside Council,North Tyneside Council,North East Combined Authority,North East
105,North Tyneside Council,North Tyneside Borough Council,North East Combined Authority,North East
106,Gateshead Council,Gateshead,North East Combined Authority,North East
106,Gateshead Council,Gateshead Council,North East Combined Authority,North East
106,Gateshead Council,Gateshead Borough Council,North East Combined Authority,North East
107,Northumberland County Council,Northumberland,North East Combined Authority,North East
107,Northumberland County Council,Northumberland County Council,North East Combined Authority,North East
108,Durham County Council,County Durham,North East Combined Authority,North East
108,Durham County Council,Durham,North East Combined Authority,North East
108,Durham County Council,Durham County Council,North East Combined Authority,North East
109,Sheffield City Council,Sheffield,South Yorkshire Mayoral Combined Authority,Yorkshire and the Humber
109,Sheffield City Council,Sheffield City Council,South Yorkshire Mayoral Combined Authority,Yorkshire and the Humber
110,Rotherham Metropolitan Borough Council,Rotherham,South Yorkshire Mayoral Combined Authority,Yorkshire and the Humber
110,Rotherham Metropolitan Borough Council,Rotherham Metropolitan Borough Council,South Yorkshire Mayoral Combined Authority,Yorkshire and the Humber
110,Rotherham Metropolitan Borough Council,Rotherham Borough Council,South Yorkshire Mayoral Combined Authority,Yorkshire and the Humber
111,City of Doncaster Council,City of Doncaster Council,South Yorkshire Mayoral Combined Authority,Yorkshire and the Humber
111,City of Doncaster Council,Doncaster,South Yorkshire Mayoral Combined Authority,Yorkshire and the Humber
111,City of Doncaster Council,Doncaster Borough Council,South Yorkshire Mayoral Combined Authority,Yorkshire and the Humber
112,Barnsley Metropolitan Borough Council,Barnsley,South Yorkshire Mayoral Combined Authority,Yorkshire and the Humber
112,Barnsley Metropolitan Borough Council,Barnsley Metropolitan Borough Council,South Yorkshire Mayoral Combined Authority,Yorkshire and the Humber
112,Barnsley Metropolitan Borough Council,Barnsley Borough Council,South Yorkshire Mayoral Combined Authority,Yorkshire and the Humber
113,Darlington Borough Council,Darlington,Tees Valley Combined Authority,North East
113,Darlington Borough Council,Darlington Borough Council,Tees Valley Combined Authority,North East
113,Darlington Borough Council,Tees Valley Combined Authority (Darlington Borough Council as Highways Authority),Tees Valley Combined Authority,North East
114,Hartlepool Borough Council,Hartlepool,Tees Valley Combined Authority,North East
114,Hartlepool Borough Council,Hartlepool Borough Council,Tees Valley Combined Authority,North East
115,Middlesbrough Council,Middlesbrough,Tees Valley Combined Authority,North East
115,Middlesbrough Council,Middlesbrough Council,Tees Valley Combined Authority,North East
115,Middlesbrough Council,Middlesbrough Borough Council,Tees Valley Combined Authority,North East
116,Redcar & Cleveland Borough Council,Redcar & Cleveland Borough Council,Tees Valley Combined Authority,North East
116,Redcar & Cleveland Borough Council,Redcar and Cleveland Borough Council,Tees Valley Combined Authority,North East
116,Redcar & Cleveland Borough Council,Redcar and Cleveland,Tees Valley Combined Authority,North East
117,Stockton-on-Tees Borough Council,Stockton-on-Tees,Tees Valley Combined Authority,North East
117,Stockton-on-Tees Borough Council,Stockton-on-Tees Borough Council,Tees Valley Combined Authority,North East
118,Birmingham City Council,Birmingham,West Midlands Combined Authority,West Midlands
118,Birmingham City Council,Birmingham City Council,West Midlands Combined Authority,West Midlands
119,City of Wolverhampton Council,City of Wolverhampton Council,West Midlands Combined Authority,West Midlands
119,City of Wolverhampton Council,Wolverhampton,West Midlands Combined Authority,West Midlands
119,City of Wolverhampton Council,Wolverhampton City Council,West Midlands Combined Authority,West Midlands
120,Coventry City Council,Coventry,West Midlands Combined Authority,West Midlands
120,Coventry City Council,Coventry City Council,West Midlands Combined Authority,West Midlands
121,Dudley Metropolitan Borough Council,Dudley,West Midlands Combined Authority,West Midlands
121,Dudley Metropolitan Borough Council,Dudley Metropolitan Borough Council,West Midlands Combined Authority,West Midlands
121,Dudley Metropolitan Borough Council,Dudley Borough Council,West Midlands Combined Authority,West Midlands
122,Sandwell Council,Sandwell,West Midlands Combined Authority,West Midlands
122,Sandwell Council,Sandwell Council,West Midlands Combined Authority,West Midlands
122,Sandwell Council,Sandwell Metropolitan Borough Council,West Midlands Combined Authority,West Midlands
122,Sandwell Council,Sandwell Borough Council,West Midlands Combined Authority,West Midlands
123,Solihull Metropolitan Borough Council,Solihull,West Midlands Combined Authority,West Midlands
123,Solihull Metropolitan Borough Council,Solihull Metropolitan Borough Council,West Midlands Combined Authority,West Midlands
123,Solihull Metropolitan Borough Council,Solihull Borough Council,West Midlands Combined Authority,West Midlands
124,Walsall Council,Walsall,West Midlands Combined Authority,West Midlands
124,Walsall Council,Walsall Council,West Midlands Combined Authority,West Midlands
124,Walsall Council,Walsall Borough Council,West Midlands Combined Authority,West Midlands
125,Bath and North East Somerset Council,Bath and North East Somerset,West of England Combined Authority,South West
125,Bath and North East Somerset Council,Bath and North East Somerset Council,West of England Combined Authority,South West
126,South Gloucestershire Council,South Gloucestershire,West of England Combined Authority,South West
126,South Gloucestershire Council,South Gloucestershire Council,West of England Combined Authority,South West
127,Bristol City Council,Bristol,West of England Combined Authority,South West
127,Bristol City Council,Bristol City Council,West of England Combined Authority,South West
127,Bristol City Council,"Bristol, City of",West of England Combined Authority,South West
128,City Of Bradford Metropolitan District Council,Bradford,West Yorkshire Combined Authority,Yorkshire and the Humber
128,City Of Bradford Metropolitan District Council,City of Bradford Metropolitan District Council,West Yorkshire Combined Authority,Yorkshire and the Humber
128,City Of Bradford Metropolitan District Council,Bradford City Council,West Yorkshire Combined Authority,Yorkshire and the Humber
129,Calderdale Metropolitan Borough Council,Calderdale,West Yorkshire Combined Authority,Yorkshire and the Humber
129,Calderdale Metropolitan Borough Council,Calderdale Council,West Yorkshire Combined Authority,Yorkshire and the Humber
129,Calderdale Metropolitan Borough Council,Calderdale Metropolitan Borough Council,West Yorkshire Combined Authority,Yorkshire and the Humber
129,Calderdale Metropolitan Borough Council,Calderdale Borough Council,West Yorkshire Combined Authority,Yorkshire and the Humber
130,Kirklees Council,Kirklees,West Yorkshire Combined Authority,Yorkshire and the Humber
130,Kirklees Council,Kirklees Council,West Yorkshire Combined Authority,Yorkshire and the Humber
130,Kirklees Council,Kirklees Borough Council,West Yorkshire Combined Authority,Yorkshire and the Humber
131,Leeds City Council,Leeds,West Yorkshire Combined Authority,Yorkshire and the Humber
131,Leeds City Council,Leeds City Council,West Yorkshire Combined Authority,Yorkshire and the Humber
132,Wakefield Metropolitan District Council,Wakefield,West Yorkshire Combined Authority,Yorkshire and the Humber
132,Wakefield Metropolitan District Council,Wakefield Metropolitan District Council,West Yorkshire Combined Authority,Yorkshire and the Humber
132,Wakefield Metropolitan District Council,Wakefield City Council,West Yorkshire Combined Authority,Yorkshire and the Humber
133,The Council of the Isles of Scilly,Isles of Scilly,The Council of the Isles of Scilly,South West
133,The Council of the Isles of Scilly,Isles of Scilly Council,The Council of the Isles of Scilly,South West
133,The Council of the Isles of Scilly,The Council of the Isles of Scilly,The Council of the Isles of Scilly,South West
134,Adur District Council,Adur,West Sussex County Council,South East
134,Adur District Council,Adur District Council,West Sussex County Council,South East
136,Amber Valley Borough Council,Amber Valley,East Midlands Combined County Authority,East Midlands
136,Amber Valley Borough Council,Amber Valley Borough Council,East Midlands Combined County Authority,East Midlands
137,Arun District Council,Arun,West Sussex County Council,South East
137,Arun District Council,Arun District Council,West Sussex County Council,South East
138,Ashfield District Council,Ashfield,East Midlands Combined County Authority,East Midlands
138,Ashfield District Council,Ashfield District Council,East Midlands Combined County Authority,East Midlands
139,Ashford Borough Council,Ashford,Kent County Council,South East
139,Ashford Borough Council,Ashford Borough Council,Kent County Council,South East
140,Babergh District Council,Babergh,Suffolk County Council,East of England
140,Babergh District Council,Babergh District Council,Suffolk County Council,East of England
141,Barking and Dagenham London Borough Council,Barking and Dagenham,Transport for London,London
141,Barking and Dagenham London Borough Council,Barking and Dagenham London Borough Council,Transport for London,London
142,Barnet London Borough Council,Barnet,Transport for London,London
142,Barnet London Borough Council,Barnet London Borough Council,Transport for London,London
144,Basildon Borough Council,Basildon,Essex County Council,East of England
144,Basildon Borough Council,Basildon Borough Council,Essex County Council,East of England
145,Basingstoke & Deane Borough Council,Basingstoke & Deane Borough Council,Hampshire County Council,South East
145,Basingstoke & Deane Borough Council,Basingstoke and Deane,Hampshire County Council,South East
146,Bassetlaw District Council,Bassetlaw,East Midlands Combined County Authority,East Midlands
146,Bassetlaw District Council,Bassetlaw District Council,East Midlands Combined County Authority,East Midlands
147,London Borough of Bexley,Bexley,Transport for London,London
147,London Borough of Bexley,London Borough of Bexley,Transport for London,London
148,Blaby District Council,Blaby,Leicestershire County Council,East Midlands
148,Blaby District Council,Blaby District Council,Leicestershire County Council,East Midlands
149,Bolsover District Council,Bolsover,East Midlands Combined County Authority,East Midlands
149,Bolsover District Council,Bolsover District Council,East Midlands Combined County Authority,East Midlands
150,Boston Borough Council,Boston,Lincolnshire County Council,East Midlands
150,Boston Borough Council,Boston Borough Council,Lincolnshire County Council,East Midlands
151,Braintree District Council,Braintree,Essex County Council,East of England
151,Braintree District Council,Braintree District Council,Essex County Council,East of England
152,Breckland Council,Breckland,Norfolk County Council,East of England
152,Breckland Council,Breckland Council,Norfolk County Council,East of England
152,Breckland Council,Breckland District Council,Norfolk County Council,East of England
153,Brent London Borough Council,Brent,Transport for London,London
153,Brent London Borough Council,Brent London Borough Council,Transport for London,London
154,Brentwood Borough Council,Brentwood,Essex County Council,East of England
154,Brentwood Borough Council,Brentwood Borough Council,Essex County Council,East of England
155,Broadland District Council,Broadland,Norfolk County Council,East of England
155,Broadland District Council,Broadland District Council,Norfolk County Council,East of England
156,Bromley London Borough Council,Bromley,Transport for London,London
156,Bromley London Borough Council,Bromley London Borough Council,Transport for London,London
157,Bromsgrove District Council,Bromsgrove,Worcestershire County Council,West Midlands
157,Bromsgrove District Council,Bromsgrove District Council,Worcestershire County Council,West Midlands
158,Borough of Broxbourne Council,Borough of Broxbourne Council,Hertfordshire County Council,East of England
158,Borough of Broxbourne Council,Broxbourne Borough Council,Hertfordshire County Council,East of England
158,Borough of Broxbourne Council,Broxbourne,Hertfordshire County Council,East of England
159,Broxtowe Borough Council,Broxtowe,East Midlands Combined County Authority,East Midlands
159,Broxtowe Borough Council,Broxtowe Borough Council,East Midlands Combined County Authority,East Midlands
160,Burnley Borough Council,Burnley,Lancashire County Council,North West
160,Burnley Borough Council,Burnley Borough Council,Lancashire County Council,North West
161,Cambridgeshire County Council,Cambridgeshire,Cambridgeshire and Peterborough Combined Authority,East of England
161,Cambridgeshire County Council,Cambridgeshire County Council,Cambridgeshire and Peterborough Combined Authority,East of England
162,Camden London Borough Council,Camden,Transport for London,London
162,Camden London Borough Council,Camden London Borough Council,Transport for London,London
163,Cannock Chase District Council,Cannock Chase,Staffordshire County Council,West Midlands
163,Cannock Chase District Council,Cannock Chase District Council,Staffordshire County Council,West Midlands
164,Canterbury City Council,Canterbury,Kent County Council,South East
164,Canterbury City Council,Canterbury City Council,Kent County Council,South East
166,Castle Point Borough Council,Castle Point,Essex County Council,East of England
166,Castle Point Borough Council,Castle Point Borough Council,Essex County Council,East of England
166,Castle Point Borough Council,Castle Point District Council,Essex County Council,East of England
167,Charnwood Borough Council,Charnwood,Leicestershire County Council,East Midlands
167,Charnwood Borough Council,Charnwood Borough Council,Leicestershire County Council,East Midlands
168,Chelmsford City Council,Chelmsford,Essex County Council,East of England
168,Chelmsford City Council,Chelmsford City Council,Essex County Council,East of England
169,Cheltenham Borough Council,Cheltenham,Gloucestershire County Council,South West
169,Cheltenham Borough Council,Cheltenham Borough Council,Gloucestershire County Council,South West
170,Cherwell District Council,Cherwell,Oxfordshire County Council,South East
170,Cherwell District Council,Cherwell District Council,Oxfordshire County Council,South East
171,Chesterfield Borough Council,Chesterfield,East Midlands Combined County Authority,East Midlands
171,Chesterfield Borough Council,Chesterfield Borough Council,East Midlands Combined County Authority,East Midlands
172,Chichester District Council,Chichester,West Sussex County Council,South East
172,Chichester District Council,Chichester District Council,West Sussex County Council,South East
173,Chorley Council,Chorley,Lancashire County Council,North West
173,Chorley Council,Chorley Council,Lancashire County Council,North West
173,Chorley Council,Chorley Borough Council,Lancashire County Council,North West
174,City of London Corporation,City of London,Transport for London,London
174,City of London Corporation,City of London Corporation,Transport for London,London
175,Colchester Borough Council,Colchester,Essex County Council,East of England
175,Colchester Borough Council,Colchester Borough Council,Essex County Council,East of England
177,Cotswold District Council,Cotswold,Gloucestershire County Council,South West
177,Cotswold District Council,Cotswold District Council,Gloucestershire County Council,South West
179,Crawley Borough Council,Crawley,West Sussex County Council,South East
179,Crawley Borough Council,Crawley Borough Council,West Sussex County Council,South East
180,Croydon London Borough Council,Croydon,Transport for London,London
180,Croydon London Borough Council,Croydon London Borough Council,Transport for London,London
181,Dacorum Borough Council,Dacorum,Hertfordshire County Council,East of England
181,Dacorum Borough Council,Dacorum Borough Council,Hertfordshire County Council,East of England
182,Dartford Borough Council,Dartford,Kent County Council,South East
182,Dartford Borough Council,Dartford Borough Council,Kent County Council,South East
183,Dartmoor National Park,Dartmoor National Park,Devon County Council,South West
184,Derbyshire Dales District Council,Derbyshire Dales,East Midlands Combined County Authority,East Midlands
184,Derbyshire Dales District Council,Derbyshire Dales District Council,East Midlands Combined County Authority,East Midlands
185,Dover District Council,Dover,Kent County Council,South East
185,Dover District Council,Dover District Council,Kent County Council,South East
186,Ealing London Borough Council,Ealing,Transport for London,London
186,Ealing London Borough Council,Ealing London Borough Council,Transport for London,London
187,East Devon District Council,East Devon,Devon County Council,South West
187,East Devon District Council,East Devon District Council,Devon County Council,South West
188,East Hampshire District Council,East Hampshire,Hampshire County Council,South East
188,East Hampshire District Council,East Hampshire District Council,Hampshire County Council,South East
189,East Hertfordshire District Council,East Hertfordshire,Hertfordshire County Council,East of England
189,East Hertfordshire District Council,East Hertfordshire District Council,Hertfordshire County Council,East of England
190,East Lindsey District Council,East Lindsey,Lincolnshire County Council,East Midlands
190,East Lindsey District Council,East Lindsey District Council,Lincolnshire County Council,East Midlands
191,East Staffordshire Borough Council,East Staffordshire,Staffordshire County Council,West Midlands
191,East Staffordshire Borough Council,East Staffordshire Borough Council,Staffordshire County Council,West Midlands
192,East Suffolk Council,East Suffolk,Suffolk County Council,East of England
192,East Suffolk Council,East Suffolk Council,Suffolk County Council,East of England
193,Eastbourne Borough Council,Eastbourne,East Sussex County Council,South East
193,Eastbourne Borough Council,Eastbourne Borough Council,East Sussex County Council,South East
194,Eastleigh Borough Council,Eastleigh,Hampshire County Council,South East
194,Eastleigh Borough Council,Eastleigh Borough Council,Hampshire County Council,South East
195,Ebbsfleet Development Corporation,Ebbsfleet Development Corporation,Kent County Council,South East
197,Elmbridge Borough Council,Elmbridge,Surrey County Council,South East
197,Elmbridge Borough Council,Elmbridge Borough Council,Surrey County Council,South East
198,Enfield London Borough Council,Enfield,Transport for London,London
198,Enfield London Borough Council,Enfield London Borough Council,Transport for London,London
199,Epping Forest District Council,Epping Forest,Essex County Council,East of England
199,Epping Forest District Council,Epping Forest District Council,Essex County Council,East of England
200,Epsom and Ewell Borough Council,Epsom and Ewell,Surrey County Council,South East
200,Epsom and Ewell Borough Council,Epsom and Ewell Borough Council,Surrey County Council,South East
200,Epsom and Ewell Borough Council,Epsom & Ewell Borough Council,Surrey County Council,South East
201,Erewash Borough Council,Erewash,East Midlands Combined County Authority,East Midlands
201,Erewash Borough Council,Erewash Borough Council,East Midlands Combined County Authority,East Midlands
202,Exeter City Council,Exeter,Devon County Council,South West
202,Exeter City Council,Exeter City Council,Devon County Council,South West
203,Exmoor National Park,Exmoor National Park,Devon County Council,South West
203,Exmoor National Park,Exmoor National Park,Somerset Council,South West
204,Fareham Borough Council,Fareham,Hampshire County Council,South East
204,Fareham Borough Council,Fareham Borough Council,Hampshire County Council,South East
205,Folkestone & Hythe District Council,Folkestone & Hythe District Council,Kent County Council,South East
205,Folkestone & Hythe District Council,Folkestone and Hythe District Council,Kent County Council,South East
205,Folkestone & Hythe District Council,Folkestone and Hythe,Kent County Council,South East
206,Forest of Dean District Council,Forest of Dean,Gloucestershire County Council,South West
206,Forest of Dean District Council,Forest of Dean District Council,Gloucestershire County Council,South West
207,Fylde Borough Council,Fylde,Lancashire County Council,North West
207,Fylde Borough Council,Fylde Borough Council,Lancashire County Council,North West
208,Gedling Borough Council,Gedling,East Midlands Combined County Authority,East Midlands
208,Gedling Borough Council,Gedling Borough Council,East Midlands Combined County Authority,East Midlands
209,Gloucester City Council,Gloucester,Gloucestershire County Council,South West
209,Gloucester City Council,Gloucester City Council,Gloucestershire County Council,South West
210,Gosport Borough Council,Gosport,Hampshire County Council,South East
210,Gosport Borough Council,Gosport Borough Council,Hampshire County Council,South East
211,Gravesham Borough Council,Gravesham,Kent County Council,South East
211,Gravesham Borough Council,Gravesham Borough Council,Kent County Council,South East
212,Great Yarmouth Borough Council,Great Yarmouth,Norfolk County Council,East of England
212,Great Yarmouth Borough Council,Great Yarmouth Borough Council,Norfolk County Council,East of England
213,Royal Borough of Greenwich,Greenwich,Transport for London,London
213,Royal Borough of Greenwich,Royal Borough of Greenwich,Transport for London,London
214,Guildford Borough Council,Guildford,Surrey County Council,South East
214,Guildford Borough Council,Guildford Borough Council,Surrey County Council,South East
215,Hackney London Borough Council,Hackney,Transport for London,London
215,Hackney London Borough Council,Hackney London Borough Council,Transport for London,London
217,London Borough of Hammersmith and Fulham,Hammersmith and Fulham,Transport for London,London
217,London Borough of Hammersmith and Fulham,London Borough of Hammersmith and Fulham,Transport for London,London
218,Harborough District Council,Harborough,Leicestershire County Council,East Midlands
218,Harborough District Council,Harborough District Council,Leicestershire County Council,East Midlands
219,Haringey London Borough Council,Haringey,Transport for London,London
219,Haringey London Borough Council,Haringey London Borough Council,Transport for London,London
220,Harlow District Council,Harlow,Essex County Council,East of England
220,Harlow District Council,Harlow District Council,Essex County Council,East of England
222,London Borough Of Harrow,Harrow,Transport for London,London
222,London Borough Of Harrow,London Borough Of Harrow,Transport for London,London
223,Hart District Council,Hart,Hampshire County Council,South East
223,Hart District Council,Hart District Council,Hampshire County Council,South East
224,Hastings Borough Council,Hastings,East Sussex County Council,South East
224,Hastings Borough Council,Hastings Borough Council,East Sussex County Council,South East
225,Havant Borough Council,Havant,Hampshire County Council,South East
225,Havant Borough Council,Havant Borough Council,Hampshire County Council,South East
226,Havering London Borough Council,Havering,Transport for London,London
226,Havering London Borough Council,Havering London Borough Council,Transport for London,London
227,Hertsmere Borough Council,Hertsmere,Hertfordshire County Council,East of England
227,Hertsmere Borough Council,Hertsmere Borough Council,Hertfordshire County Council,East of England
228,High Peak Borough Council,High Peak,East Midlands Combined County Authority,East Midlands
228,High Peak Borough Council,High Peak Borough Council,East Midlands Combined County Authority,East Midlands
229,Hillingdon London Borough Council,Hillingdon,Transport for London,London
229,Hillingdon London Borough Council,Hillingdon London Borough Council,Transport for London,London
230,Hinckley & Bosworth Borough Council,Hinckley & Bosworth Borough Council,Leicestershire County Council,East Midlands
230,Hinckley & Bosworth Borough Council,Hinckley and Bosworth Borough Council,Leicestershire County Council,East Midlands
230,Hinckley & Bosworth Borough Council,Hinckley and Bosworth,Leicestershire County Council,East Midlands
231,Horsham District Council,Horsham,West Sussex County Council,South East
231,Horsham District Council,Horsham District Council,West Sussex County Council,South East
232,Hounslow London Borough Council,Hounslow,Transport for London,London
232,Hounslow London Borough Council,Hounslow London Borough Council,Transport for London,London
233,Hyndburn Borough Council,Hyndburn,Lancashire County Council,North West
233,Hyndburn Borough Council,Hyndburn Borough Council,Lancashire County Council,North West
234,Ipswich Borough Council,Ipswich,Suffolk County Council,East of England
234,Ipswich Borough Council,Ipswich Borough Council,Suffolk County Council,East of England
235,Islington London Borough Council,Islington,Transport for London,London
235,Islington London Borough Council,Islington London Borough Council,Transport for London,London
236,Royal Borough of Kensington and Chelsea,Kensington and Chelsea,Transport for London,London
236,Royal Borough of Kensington and Chelsea,Royal Borough of Kensington and Chelsea,Transport for London,London
237,Borough Council of King's Lynn & West Norfolk,Borough Council of King's Lynn & West Norfolk,Norfolk County Council,East of England
237,Borough Council of King's Lynn & West Norfolk,King’s Lynn and West Norfolk,Norfolk County Council,East of England
237,Borough Council of King's Lynn & West Norfolk,King's Lynn and West Norfolk,Norfolk County Council,East of England
237,Borough Council of King's Lynn & West Norfolk,Kings Lynn and West Norfolk Borouh Council,Norfolk County Council,East of England
238,Kingston upon Thames London Borough Council,Kingston upon Thames,Transport for London,London
238,Kingston upon Thames London Borough Council,Kingston upon Thames London Borough Council,Transport for London,London
239,Lake District National Park,Lake District National Park,Cumberland Council,North West
239,Lake District National Park,Lake District National Park,Westmorland and Furness Council,North West
240,Lambeth London Borough Council,Lambeth,Transport for London,London
240,Lambeth London Borough Council,Lambeth London Borough Council,Transport for London,London
241,Lancaster City Council,Lancaster,Lancashire County Council,North West
241,Lancaster City Council,Lancaster City Council,Lancashire County Council,North West
242,Lewes District Council,Lewes,East Sussex County Council,South East
242,Lewes District Council,Lewes District Council,East Sussex County Council,South East
243,London Borough of Lewisham,Lewisham,Transport for London,London
243,London Borough of Lewisham,London Borough of Lewisham,Transport for London,London
244,Lichfield District Council,Lichfield,Staffordshire County Council,West Midlands
244,Lichfield District Council,Lichfield City Council,Staffordshire County Council,West Midlands
244,Lichfield District Council,Lichfield District Council,Staffordshire County Council,West Midlands
245,City of Lincoln Council,City of Lincoln Council,Lincolnshire County Council,East Midlands
245,City of Lincoln Council,Lincoln City Council,Lincolnshire County Council,East Midlands
245,City of Lincoln Council,Lincoln,Lincolnshire County Council,East Midlands
246,London Legacy Development Corporation,London Legacy Development Corporation,Transport for London,London
247,Maidstone Borough Council,Maidstone,Kent County Council,South East
247,Maidstone Borough Council,Maidstone Borough Council,Kent County Council,South East
248,Maldon District Council,Maldon,Essex County Council,East of England
248,Maldon District Council,Maldon District Council,Essex County Council,East of England
249,Malvern Hills District Council,Malvern Hills,Worcestershire County Council,West Midlands
249,Malvern Hills District Council,Malvern Hills District Council,Worcestershire County Council,West Midlands
250,Mansfield District Council,Mansfield,East Midlands Combined County Authority,East Midlands
250,Mansfield District Council,Mansfield District Council,East Midlands Combined County Authority,East Midlands
251,Melton Borough Council,Melton,Leicestershire County Council,East Midlands
251,Melton Borough Council,Melton Borough Council,Leicestershire County Council,East Midlands
253,Merton London Borough Council,Merton,Transport for London,London
253,Merton London Borough Council,Merton London Borough Council,Transport for London,London
254,Mid Devon District Council,Mid Devon,Devon County Council,South West
254,Mid Devon District Council,Mid Devon District Council,Devon County Council,South West
255,Mid Suffolk District Council,Mid Suffolk,Suffolk County Council,East of England
255,Mid Suffolk District Council,Mid Suffolk District Council,Suffolk County Council,East of England
256,Mid Sussex District Council,Mid Sussex,West Sussex County Council,South East
256,Mid Sussex District Council,Mid Sussex District Council,West Sussex County Council,South East
257,Mole Valley District Council,Mole Valley,Surrey County Council,South East
257,Mole Valley District Council,Mole Valley District Council,Surrey County Council,South East
258,New Forest District Council,New Forest,Hampshire County Council,South East
258,New Forest District Council,New Forest District Council,Hampshire County Council,South East
259,New Forest National Park,New Forest National Park,Hampshire County Council,South East
259,New Forest National Park,New Forest National Park,Wiltshire Council,South West
260,Newark & Sherwood District Council,Newark & Sherwood District Council,East Midlands Combined County Authority,East Midlands
260,Newark & Sherwood District Council,Newark and Sherwood,East Midlands Combined County Authority,East Midlands
261,Newcastle-under-Lyme Borough Council,Newcastle-under-Lyme,Staffordshire County Council,West Midlands
261,Newcastle-under-Lyme Borough Council,Newcastle-under-Lyme Borough Council,Staffordshire County Council,West Midlands
261,Newcastle-under-Lyme Borough Council,Newcastle-Under-Lyme Borough Council,Staffordshire County Council,West Midlands
262,Newham London Borough Council,Newham,Transport for London,London
262,Newham London Borough Council,Newham London Borough Council,Transport for London,London
263,North Devon Council,North Devon,Devon County Council,South West
263,North Devon Council,North Devon Council,Devon County Council,South West
263,North Devon Council,North Devon District Council,Devon County Council,South West
264,North East Derbyshire District Council,North East Derbyshire,East Midlands Combined County Authority,East Midlands
264,North East Derbyshire District Council,North East Derbyshire District Council,East Midlands Combined County Authority,East Midlands
265,North Herts Council,North Hertfordshire,Hertfordshire County Council,East of England
265,North Herts Council,North Hertfordshire District Council,Hertfordshire County Council,East of England
265,North Herts Council,North Herts Council,Hertfordshire County Council,East of England
266,North Kesteven District Council,North Kesteven,Lincolnshire County Council,East Midlands
266,North Kesteven District Council,North Kesteven District Council,Lincolnshire County Council,East Midlands
267,North Norfolk District Council,North Norfolk,Norfolk County Council,East of England
267,North Norfolk District Council,North Norfolk District Council,Norfolk County Council,East of England
268,North Warwickshire Borough Council,North Warwickshire,Warwickshire County Council,West Midlands
268,North Warwickshire Borough Council,North Warwickshire Borough Council,Warwickshire County Council,West Midlands
269,North West Leicestershire District Council,North West Leicestershire,Leicestershire County Council,East Midlands
269,North West Leicestershire District Council,North West Leicestershire District Council,Leicestershire County Council,East Midlands
270,North York Moors National Park,North York Moors National Park,North Yorkshire Council,Yorkshire and the Humber
270,North York Moors National Park,North York Moors National Park,Tees Valley Combined Authority,North East
271,Northumberland National Park,Northumberland National Park,North East Combined Authority,North East
272,Norwich City Council,Norwich,Norfolk County Council,East of England
272,Norwich City Council,Norwich City Council,Norfolk County Council,East of England
273,Nuneaton & Bedworth Borough Council,Nuneaton & Bedworth Borough Council,Warwickshire County Council,West Midlands
273,Nuneaton & Bedworth Borough Council,Nuneaton and Bedworth,Warwickshire County Council,West Midlands
274,Oadby & Wigston Borough Council,Oadby & Wigston Borough Council,Leicestershire County Council,East Midlands
274,Oadby & Wigston Borough Council,Oadby and Wigston,Leicestershire County Council,East Midlands
275,Old Oak and Park Royal Development Corporation,Old Oak and Park Royal Development Corporation,Transport for London,London
276,Oxford City Council,Oxford,Oxfordshire County Council,South East
276,Oxford City Council,Oxford City Council,Oxfordshire County Council,South East
277,Peak District National Park,Peak District National Park,Cheshire East Council,North West
277,Peak District National Park,Peak District National Park,East Midlands Combined County Authority,East Midlands
277,Peak District National Park,Peak District National Park,Greater Manchester Combined Authority,North West
277,Peak District National Park,Peak District National Park,South Yorkshire Mayoral Combined Authority,Yorkshire and the Humber
277,Peak District National Park,Peak District National Park,Staffordshire County Council,West Midlands
277,Peak District National Park,Peak District National Park,West Yorkshire Combined Authority,Yorkshire and the Humber
278,Pendle Borough Council,Pendle,Lancashire County Council,North West
278,Pendle Borough Council,Pendle Borough Council,Lancashire County Council,North West
279,Preston City Council,Preston,Lancashire County Council,North West
279,Preston City Council,Preston City Council,Lancashire County Council,North West
280,Redbridge London Borough Council,Redbridge,Transport for London,London
280,Redbridge London Borough Council,Redbridge London Borough Council,Transport for London,London
281,Redditch Borough Council,Redditch,Worcestershire County Council,West Midlands
281,Redditch Borough Council,Redditch Borough Council,Worcestershire County Council,West Midlands
282,Reigate & Banstead Borough Council,Reigate & Banstead Borough Council,Surrey County Council,South East
282,Reigate & Banstead Borough Council,Reigate and Banstead,Surrey County Council,South East
283,Ribble Valley Borough Council,Ribble Valley,Lancashire County Council,North West
283,Ribble Valley Borough Council,Ribble Valley Borough Council,Lancashire County Council,North West
284,Richmond upon Thames London Borough Council,Richmond upon Thames,Transport for London,London
284,Richmond upon Thames London Borough Council,Richmond upon Thames London Borough Council,Transport for London,London
286,Rochford District Council,Rochford,Essex County Council,East of England
286,Rochford District Council,Rochford District Council,Essex County Council,East of England
287,Rossendale Borough Council,Rossendale,Lancashire County Council,North West
287,Rossendale Borough Council,Rossendale Borough Council,Lancashire County Council,North West
288,Rother District Council,Rother,East Sussex County Council,South East
288,Rother District Council,Rother District Council,East Sussex County Council,South East
289,Rugby Borough Council,Rugby,Warwickshire County Council,West Midlands
289,Rugby Borough Council,Rugby Borough Council,Warwickshire County Council,West Midlands
290,Runnymede Borough Council,Runnymede,Surrey County Council,South East
290,Runnymede Borough Council,Runnymede Borough Council,Surrey County Council,South East
291,Rushcliffe Borough Council,Rushcliffe,East Midlands Combined County Authority,East Midlands
291,Rushcliffe Borough Council,Rushcliffe Borough Council,East Midlands Combined County Authority,East Midlands
292,Rushmoor Borough Council,Rushmoor,Hampshire County Council,South East
292,Rushmoor Borough Council,Rushmoor Borough Council,Hampshire County Council,South East
297,Sevenoaks District Council,Sevenoaks,Kent County Council,South East
297,Sevenoaks District Council,Sevenoaks District Council,Kent County Council,South East
299,South Derbyshire District Council,South Derbyshire,East Midlands Combined County Authority,East Midlands
299,South Derbyshire District Council,South Derbyshire District Council,East Midlands Combined County Authority,East Midlands
300,South Downs National Park,South Downs National Park,Brighton & Hove City Council,South East
300,South Downs National Park,South Downs National Park,East Sussex County Council,South East
300,South Downs National Park,South Downs National Park,Hampshire County Council,South East
300,South Downs National Park,South Downs National Park,West Sussex County Council,South East
301,South Hams District Council,South Hams,Devon County Council,South West
301,South Hams District Council,South Hams District Council,Devon County Council,South West
302,South Holland District Council,South Holland,Lincolnshire County Council,East Midlands
302,South Holland District Council,South Holland District Council,Lincolnshire County Council,East Midlands
303,South Kesteven District Council,South Kesteven,Lincolnshire County Council,East Midlands
303,South Kesteven District Council,South Kesteven District Council,Lincolnshire County Council,East Midlands
305,South Norfolk Council,South Norfolk,Norfolk County Council,East of England
305,South Norfolk Council,South Norfolk Council,Norfolk County Council,East of England
305,South Norfolk Council,South Norfolk District Council,Norfolk County Council,East of England
306,South Oxfordshire District Council,South Oxfordshire,Oxfordshire County Council,South East
306,South Oxfordshire District Council,South Oxfordshire District Council,Oxfordshire County Council,South East
307,South Ribble Borough Council,South Ribble,Lancashire County Council,North West
307,South Ribble Borough Council,South Ribble Borough Council,Lancashire County Council,North West
309,South Staffordshire District Council,South Staffordshire,Staffordshire County Council,West Midlands
309,South Staffordshire District Council,South Staffordshire District Council,Staffordshire County Council,West Midlands
310,South Yorkshire Mayoral Combined Authority,Sheffield City Region Combined Authority,South Yorkshire Mayoral Combined Authority,Yorkshire and the Humber
310,South Yorkshire Mayoral Combined Authority,Sheffield City Region Mayoral Combined Authority,South Yorkshire Mayoral Combined Authority,Yorkshire and the Humber
310,South Yorkshire Mayoral Combined Authority,South Yorkshire CA,South Yorkshire Mayoral Combined Authority,Yorkshire and the Humber
310,South Yorkshire Mayoral Combined Authority,South Yorkshire Combined Authority,South Yorkshire Mayoral Combined Authority,Yorkshire and the Humber
310,South Yorkshire Mayoral Combined Authority,South Yorkshire Mayoral Combined Authority,South Yorkshire Mayoral Combined Authority,Yorkshire and the Humber
310,South Yorkshire Mayoral Combined Authority,SYMCA,South Yorkshire Mayoral Combined Authority,Yorkshire and the Humber
311,Southwark London Borough Council,Southwark,Transport for London,London
311,Southwark London Borough Council,Southwark London Borough Council,Transport for London,London
312,Spelthorne Borough Council,Spelthorne,Surrey County Council,South East
312,Spelthorne Borough Council,Spelthorne Borough Council,Surrey County Council,South East
313,St Albans City and District Council,St Albans,Hertfordshire County Council,East of England
313,St Albans City and District Council,St Albans City and District Council,Hertfordshire County Council,East of England
313,St Albans City and District Council,St Albans City Council,Hertfordshire County Council,East of England
314,Stafford Borough Council,Stafford,Staffordshire County Council,West Midlands
314,Stafford Borough Council,Stafford Borough Council,Staffordshire County Council,West Midlands
315,Staffordshire Moorlands District Council,Staffordshire Moorlands,Staffordshire County Council,West Midlands
315,Staffordshire Moorlands District Council,Staffordshire Moorlands District Council,Staffordshire County Council,West Midlands
316,Stevenage Borough Council,Stevenage,Hertfordshire County Council,East of England
316,Stevenage Borough Council,Stevenage Borough Council,Hertfordshire County Council,East of England
317,Stratford-on-Avon District Council,Stratford-on-Avon,Warwickshire County Council,West Midlands
317,Stratford-on-Avon District Council,Stratford-on-Avon District Council,Warwickshire County Council,West Midlands
317,Stratford-on-Avon District Council,Stratford on Avon District Council,Warwickshire County Council,West Midlands
318,Stroud District Council,Stroud,Gloucestershire County Council,South West
318,Stroud District Council,Stroud District Council,Gloucestershire County Council,South West
319,Surrey Heath Borough Council,Surrey Heath,Surrey County Council,South East
319,Surrey Heath Borough Council,Surrey Heath Borough Council,Surrey County Council,South East
320,Sutton London Borough Council,Sutton,Transport for London,London
320,Sutton London Borough Council,Sutton London Borough Council,Transport for London,London
321,Swale Borough Council,Swale,Kent County Council,South East
321,Swale Borough Council,Swale Borough Council,Kent County Council,South East
322,Tamworth Borough Council,Tamworth,Staffordshire County Council,West Midlands
322,Tamworth Borough Council,Tamworth Borough Council,Staffordshire County Council,West Midlands
323,Tandridge District Council,Tandridge,Surrey County Council,South East
323,Tandridge District Council,Tandridge District Council,Surrey County Council,South East
324,Teignbridge District Council,Teignbridge,Devon County Council,South West
324,Teignbridge District Council,Teignbridge District Council,Devon County Council,South West
325,Tendring District Council,Tendring,Essex County Council,East of England
325,Tendring District Council,Tendring District Council,Essex County Council,East of England
326,Test Valley Borough Council,Test Valley,Hampshire County Council,South East
326,Test Valley Borough Council,Test Valley Borough Council,Hampshire County Council,South East
327,Tewkesbury Borough Council,Tewkesbury,Gloucestershire County Council,South West
327,Tewkesbury Borough Council,Tewkesbury Borough Council,Gloucestershire County Council,South West
328,Thanet District Council,Thanet,Kent County Council,South East
328,Thanet District Council,Thanet District Council,Kent County Council,South East
329,The Broads Authority,The Broads Authority,Norfolk County Council,East of England
329,The Broads Authority,The Broads Authority,Suffolk County Council,East of England
330,Three Rivers District Council,Three Rivers,Hertfordshire County Council,East of England
330,Three Rivers District Council,Three Rivers District Council,Hertfordshire County Council,East of England
331,Tonbridge and Malling Borough Council,Tonbridge and Malling,Kent County Council,South East
331,Tonbridge and Malling Borough Council,Tonbridge and Malling Borough Council,Kent County Council,South East
331,Tonbridge and Malling Borough Council,Tonbridge & Malling Borough Council,Kent County Council,South East
332,Torridge District Council,Torridge,Devon County Council,South West
332,Torridge District Council,Torridge District Council,Devon County Council,South West
333,Tower Hamlets London Borough Council,Tower Hamlets,Transport for London,London
333,Tower Hamlets London Borough Council,Tower Hamlets London Borough Council,Transport for London,London
334,Tunbridge Wells Borough Council,Tunbridge Wells,Kent County Council,South East
334,Tunbridge Wells Borough Council,Tunbridge Wells Borough Council,Kent County Council,South East
335,Uttlesford District Council,Uttlesford,Essex County Council,East of England
335,Uttlesford District Council,Uttlesford District Council,Essex County Council,East of England
336,Vale of White Horse District Council,Vale of White Horse,Oxfordshire County Council,South East
336,Vale of White Horse District Council,Vale of White Horse District Council,Oxfordshire County Council,South East
337,Waltham Forest London Borough Council,Waltham Forest,Transport for London,London
337,Waltham Forest London Borough Council,Waltham Forest London Borough Council,Transport for London,London
338,Wandsworth Borough Council,Wandsworth,Transport for London,London
338,Wandsworth Borough Council,Wandsworth Borough Council,Transport for London,London
339,Warwick District Council,Warwick,Warwickshire County Council,West Midlands
339,Warwick District Council,Warwick District Council,Warwickshire County Council,West Midlands
340,Watford Borough Council,Watford,Hertfordshire County Council,East of England
340,Watford Borough Council,Watford Borough Council,Hertfordshire County Council,East of England
341,Waverley Borough Council,Waverley,Surrey County Council,South East
341,Waverley Borough Council,Waverley Borough Council,Surrey County Council,South East
342,Wealden District Council,Wealden,East Sussex County Council,South East
342,Wealden District Council,Wealden District Council,East Sussex County Council,South East
343,Welwyn Hatfield Borough Council,Welwyn Hatfield,Hertfordshire County Council,East of England
343,Welwyn Hatfield Borough Council,Welwyn Hatfield Borough Council,Hertfordshire County Council,East of England
344,West Devon Borough Council,West Devon,Devon County Council,South West
344,West Devon Borough Council,West Devon Borough Council,Devon County Council,South West
344,West Devon Borough Council,West Devon District Council,Devon County Council,South West
345,West Lancashire Borough Council,West Lancashire,Lancashire County Council,North West
345,West Lancashire Borough Council,West Lancashire Borough Council,Lancashire County Council,North West
345,West Lancashire Borough Council,West Lancashire District Council,Lancashire County Council,North West
346,West Lindsey District Council,West Lindsey,Lincolnshire County Council,East Midlands
346,West Lindsey District Council,West Lindsey District Council,Lincolnshire County Council,East Midlands
347,West Oxfordshire District Council,West Oxfordshire,Oxfordshire County Council,South East
347,West Oxfordshire District Council,West Oxfordshire District Council,Oxfordshire County Council,South East
348,West Suffolk Council,West Suffolk,Suffolk County Council,East of England
348,West Suffolk Council,West Suffolk Council,Suffolk County Council,East of England
349,Westminster City Council,Westminster,Transport for London,London
349,Westminster City Council,Westminster City Council,Transport for London,London
350,Winchester City Council,Winchester,Hampshire County Council,South East
350,Winchester City Council,Winchester City Council,Hampshire County Council,South East
351,Woking Borough Council,Woking,Surrey County Council,South East
351,Woking Borough Council,Woking Borough Council,Surrey County Council,South East
352,Worcester City Council,Worcester,Worcestershire County Council,West Midlands
352,Worcester City Council,Worcester City Council,Worcestershire County Council,West Midlands
353,Worthing Borough Council,Worthing,West Sussex County Council,South East
353,Worthing Borough Council,Worthing Borough Council,West Sussex County Council,South East
354,Wychavon District Council,Wychavon,Worcestershire County Council,West Midlands
354,Wychavon District Council,Wychavon District Council,Worcestershire County Council,West Midlands
354,Wychavon District Council,Wychavon District Council,Worcestershire County Council,West Midlands
355,Wyre Council,Wyre,Lancashire County Council,North West
355,Wyre Council,Wyre Council,Lancashire County Council,North West
355,Wyre Council,Wyre Borough Council,Lancashire County Council,North West
356,Wyre Forest District Council,Wyre Forest,Worcestershire County Council,West Midlands
356,Wyre Forest District Council,Wyre Forest District Council,Worcestershire County Council,West Midlands
357,Yorkshire Dales National Park,Yorkshire Dales National Park,North Yorkshire Council,Yorkshire and the Humber
357,Yorkshire Dales National Park,Yorkshire Dales National Park,Westmorland and Furness Council,North West
358,Transport for London,TfL,Transport for London,London
358,Transport for London,Transport for London,Transport for London,London
359,Ards and North Down Borough Council,Ards and North Down,Ards and North Down Borough Council,Northern Ireland
359,Ards and North Down Borough Council,Ards and North Down Borough Council,Ards and North Down Borough Council,Northern Ireland
360,Rhondda Cynon Taf County Borough Council,Rhondda Cynon Taf,Rhondda Cynon Taf County Borough Council,Wales
360,Rhondda Cynon Taf County Borough Council,Rhondda Cynon Taf County Borough Council,Rhondda Cynon Taf County Borough Council,Wales
361,Cardiff Council,Cardiff,Cardiff Council,Wales
361,Cardiff Council,Cardiff Council,Cardiff Council,Wales
362,Neath Port Talbot Council,Neath Port Talbot,Neath Port Talbot Council,Wales
362,Neath Port Talbot Council,Neath Port Talbot Council,Neath Port Talbot Council,Wales
363,Powys Council,Powys,Powys Council,Wales
363,Powys Council,Powys Council,Powys Council,Wales
364,Conwy County Borough Council,Conwy,Conwy County Borough Council,Wales
364,Conwy County Borough Council,Conwy County Borough Council,Conwy County Borough Council,Wales
365,North Ayrshire Council,North Ayrshire,North Ayrshire Council,Scotland
365,North Ayrshire Council,North Ayrshire Council,North Ayrshire Council,Scotland
366,Dumfries and Galloway Council,Dumfries and Galloway,Dumfries and Galloway Council,Scotland
366,Dumfries and Galloway Council,Dumfries and Galloway Council,Dumfries and Galloway Council,Scotland
367,Falkirk Council,Falkirk,Falkirk Council,Scotland
367,Falkirk Council,Falkirk Council,Falkirk Council,Scotland
368,Fife Council,Fife,Fife Council,Scotland
368,Fife Council,Fife Council,Fife Council,Scotland
369,Dundee City Council,Dundee City,Dundee City Council,Scotland
369,Dundee City Council,Dundee City Council,Dundee City Council,Scotland
370,Renfrewshire Council,Renfrewshire,Renfrewshire Council,Scotland
370,Renfrewshire Council,Renfrewshire Council,Renfrewshire Council,Scotland
371,Greater Cambridge Partnership (Cambridgeshire County Council),GCP (Cambridgeshire County Council),Cambridgeshire and Peterborough Combined Authority,East of England
371,Greater Cambridge Partnership (Cambridgeshire County Council),Greater Cambridge Partnership (Cambridgeshire County Council),Cambridgeshire and Peterborough Combined Authority,East of England
372,East Midlands Combined County Authority,East Midlands Combined County Authority,East Midlands Combined County Authority,East Midlands
372,East Midlands Combined County Authority,EMCCA,East Midlands Combined County Authority,East Midlands
373,York and North Yorkshire Combined Authority,York and North Yorkshire CA,,
373,York and North Yorkshire Combined Authority,York and North Yorkshire Combined Authority,,
